{"cameraMode":{"drawMode":0,"name":"Shaded","section":"Shading Mode"},"sceneLighting":false,"audioPlay":false,"sceneViewState":{"m_AlwaysRefresh":false,"showFog":true,"showSkybox":false,"showFlares":true,"showImageEffects":true,"showParticleSystems":true,"showVisualEffectGraphs":true,"m_FxEnabled":true},"in2DMode":false,"pivot":{"x":-319.98773193359377,"y":18.36461639404297,"z":-356.1389465332031},"rotation":{"x":-0.0017031686147674919,"y":0.6942518949508667,"z":-0.0016882972558960319,"w":-0.7196903228759766},"size":56.2454719543457,"orthographic":false}