{"cameraMode":{"drawMode":0,"name":"Shaded","section":"Shading Mode"},"sceneLighting":false,"audioPlay":false,"sceneViewState":{"m_AlwaysRefresh":false,"showFog":true,"showSkybox":false,"showFlares":true,"showImageEffects":true,"showParticleSystems":true,"showVisualEffectGraphs":true,"m_FxEnabled":true},"in2DMode":false,"pivot":{"x":1.4901161193847657e-8,"y":-1.341104507446289e-7,"z":-0.06406086683273316},"rotation":{"x":0.056715141981840137,"y":-0.8798723816871643,"z":0.10878624767065048,"w":0.4590229392051697},"size":0.47339674830436709,"orthographic":false}