{"cameraMode":{"drawMode":0,"name":"Shaded","section":"Shading Mode"},"sceneLighting":false,"audioPlay":false,"sceneViewState":{"m_AlwaysRefresh":false,"showFog":true,"showSkybox":false,"showFlares":true,"showImageEffects":true,"showParticleSystems":true,"showVisualEffectGraphs":true,"m_FxEnabled":true},"in2DMode":false,"pivot":{"x":0.0020073652267456056,"y":0.04818583279848099,"z":0.0003489255905151367},"rotation":{"x":0.0009543763007968664,"y":-0.9908428192138672,"z":0.13457897305488587,"w":0.0067821708507835869},"size":0.34042084217071535,"orthographic":false}