{"cameraMode":{"drawMode":0,"name":"Shaded","section":"Shading Mode"},"sceneLighting":false,"audioPlay":false,"sceneViewState":{"m_AlwaysRefresh":false,"showFog":true,"showSkybox":false,"showFlares":true,"showImageEffects":true,"showParticleSystems":true,"showVisualEffectGraphs":true,"m_FxEnabled":true},"in2DMode":false,"pivot":{"x":0.0030328035354614259,"y":-0.02372148633003235,"z":-0.0030331313610076906},"rotation":{"x":0.000007874852599343285,"y":-0.9992602467536926,"z":-0.03749328479170799,"w":0.0008498243405483663},"size":0.4652409553527832,"orthographic":false}