{"cameraMode":{"drawMode":0,"name":"Shaded","section":"Shading Mode"},"sceneLighting":false,"audioPlay":false,"sceneViewState":{"m_AlwaysRefresh":false,"showFog":true,"showSkybox":false,"showFlares":true,"showImageEffects":true,"showParticleSystems":true,"showVisualEffectGraphs":true,"m_FxEnabled":true},"in2DMode":false,"pivot":{"x":-168.78915405273438,"y":16.910171508789064,"z":-355.43878173828127},"rotation":{"x":-0.04687995836138725,"y":-0.4281471371650696,"z":0.022206095978617669,"w":-0.9021890163421631},"size":56.814483642578128,"orthographic":false}