{"cameraMode":{"drawMode":0,"name":"Shaded","section":"Shading Mode"},"sceneLighting":false,"audioPlay":false,"sceneViewState":{"m_AlwaysRefresh":false,"showFog":true,"showSkybox":false,"showFlares":true,"showImageEffects":true,"showParticleSystems":true,"showVisualEffectGraphs":true,"m_FxEnabled":true},"in2DMode":false,"pivot":{"x":-0.02087867259979248,"y":3.234825849533081,"z":-0.0974610447883606},"rotation":{"x":-0.0002055549994111061,"y":-0.9988701343536377,"z":0.04647792875766754,"w":-0.005146597512066364},"size":3.440633773803711,"orthographic":false}