{"cameraMode":{"drawMode":0,"name":"Shaded","section":"Shading Mode"},"sceneLighting":false,"audioPlay":false,"sceneViewState":{"m_AlwaysRefresh":false,"showFog":true,"showSkybox":false,"showFlares":true,"showImageEffects":true,"showParticleSystems":true,"showVisualEffectGraphs":true,"m_FxEnabled":true},"in2DMode":false,"pivot":{"x":0.00040049850940704346,"y":0.059428870677948,"z":-0.0015592575073242188},"rotation":{"x":-0.22785931825637818,"y":-0.7013109922409058,"z":0.2555924952030182,"w":-0.6251829862594605},"size":0.5652647018432617,"orthographic":false}