{"cameraMode":{"drawMode":0,"name":"Shaded","section":"Shading Mode"},"sceneLighting":false,"audioPlay":false,"sceneViewState":{"m_AlwaysRefresh":false,"showFog":true,"showSkybox":false,"showFlares":true,"showImageEffects":true,"showParticleSystems":true,"showVisualEffectGraphs":true,"m_FxEnabled":true},"in2DMode":false,"pivot":{"x":-66.89148712158203,"y":11.79272174835205,"z":-13.389102935791016},"rotation":{"x":-0.0037774962838739158,"y":-0.7744754552841187,"z":-0.00466504693031311,"w":0.6325216889381409},"size":35.416038513183597,"orthographic":false}