{"cameraMode":{"drawMode":0,"name":"Shaded","section":"Shading Mode"},"sceneLighting":false,"audioPlay":false,"sceneViewState":{"m_AlwaysRefresh":false,"showFog":true,"showSkybox":false,"showFlares":true,"showImageEffects":true,"showParticleSystems":true,"showVisualEffectGraphs":true,"m_FxEnabled":true},"in2DMode":false,"pivot":{"x":-0.02037706971168518,"y":0.10829269886016846,"z":-0.02032369375228882},"rotation":{"x":-0.006414652802050114,"y":-0.9691632986068726,"z":0.2448836714029312,"w":-0.02526888996362686},"size":0.5180194973945618,"orthographic":false}