{"cameraMode":{"drawMode":0,"name":"Shaded","section":"Shading Mode"},"sceneLighting":false,"audioPlay":false,"sceneViewState":{"m_AlwaysRefresh":false,"showFog":true,"showSkybox":false,"showFlares":true,"showImageEffects":true,"showParticleSystems":true,"showVisualEffectGraphs":true,"m_FxEnabled":true},"in2DMode":false,"pivot":{"x":0.0001986473798751831,"y":0.6039412617683411,"z":0.0023233890533447267},"rotation":{"x":-0.02837153524160385,"y":-0.4328862130641937,"z":-0.013678844086825848,"w":0.9008600115776062},"size":0.7045369148254395,"orthographic":false}