{"cameraMode":{"drawMode":0,"name":"Shaded","section":"Shading Mode"},"sceneLighting":false,"audioPlay":false,"sceneViewState":{"m_AlwaysRefresh":false,"showFog":true,"showSkybox":false,"showFlares":true,"showImageEffects":true,"showParticleSystems":true,"showVisualEffectGraphs":true,"m_FxEnabled":true},"in2DMode":false,"pivot":{"x":35.92078399658203,"y":0.5392871499061585,"z":16.600818634033204},"rotation":{"x":-0.03296539559960365,"y":-0.04168563708662987,"z":0.001274380716495216,"w":-0.9985498189926148},"size":0.6689431071281433,"orthographic":false}