{"cameraMode":{"drawMode":0,"name":"Shaded","section":"Shading Mode"},"sceneLighting":false,"audioPlay":false,"sceneViewState":{"m_AlwaysRefresh":false,"showFog":true,"showSkybox":false,"showFlares":true,"showImageEffects":true,"showParticleSystems":true,"showVisualEffectGraphs":true,"m_FxEnabled":true},"in2DMode":false,"pivot":{"x":0.0004933178424835205,"y":0.3918597400188446,"z":0.007271632552146912},"rotation":{"x":0.0009543763007968664,"y":-0.9908428192138672,"z":0.13457897305488587,"w":0.0067821708507835869},"size":0.5964643359184265,"orthographic":false}