{"cameraMode":{"drawMode":0,"name":"Shaded","section":"Shading Mode"},"sceneLighting":false,"audioPlay":false,"sceneViewState":{"m_AlwaysRefresh":false,"showFog":true,"showSkybox":false,"showFlares":true,"showImageEffects":true,"showParticleSystems":true,"showVisualEffectGraphs":true,"m_FxEnabled":true},"in2DMode":false,"pivot":{"x":0.023221492767333986,"y":1.0907570123672486,"z":0.026999950408935548},"rotation":{"x":-0.22785931825637818,"y":-0.7013109922409058,"z":0.2555924952030182,"w":-0.6251829862594605},"size":1.6578996181488038,"orthographic":false}