{"cameraMode":{"drawMode":0,"name":"Shaded","section":"Shading Mode"},"sceneLighting":false,"audioPlay":false,"sceneViewState":{"m_AlwaysRefresh":false,"showFog":true,"showSkybox":false,"showFlares":true,"showImageEffects":true,"showParticleSystems":true,"showVisualEffectGraphs":true,"m_FxEnabled":true},"in2DMode":false,"pivot":{"x":-0.12683820724487306,"y":0.23044010996818543,"z":-0.13367770612239839},"rotation":{"x":-0.004102333914488554,"y":-0.9749233722686768,"z":0.22159455716609956,"w":-0.018192334100604059},"size":0.862270176410675,"orthographic":false}