{"cameraMode":{"drawMode":0,"name":"Shaded","section":"Shading Mode"},"sceneLighting":false,"audioPlay":false,"sceneViewState":{"m_AlwaysRefresh":false,"showFog":true,"showSkybox":false,"showFlares":true,"showImageEffects":true,"showParticleSystems":true,"showVisualEffectGraphs":true,"m_FxEnabled":true},"in2DMode":false,"pivot":{"x":-0.0018263831734657288,"y":0.1960097700357437,"z":-0.005801856517791748},"rotation":{"x":-0.0006350143812596798,"y":-0.9899395108222961,"z":0.004451491869986057,"w":-0.1411709487438202},"size":0.24750858545303346,"orthographic":false}