{"cameraMode":{"drawMode":0,"name":"Shaded","section":"Shading Mode"},"sceneLighting":false,"audioPlay":false,"sceneViewState":{"m_AlwaysRefresh":false,"showFog":true,"showSkybox":false,"showFlares":true,"showImageEffects":true,"showParticleSystems":true,"showVisualEffectGraphs":true,"m_FxEnabled":true},"in2DMode":false,"pivot":{"x":0.01545611023902893,"y":0.00828377902507782,"z":-0.12539124488830567},"rotation":{"x":0.0009543763007968664,"y":-0.9908428192138672,"z":0.13457897305488587,"w":0.0067821708507835869},"size":0.9628981947898865,"orthographic":false}