{"cameraMode":{"drawMode":0,"name":"Shaded","section":"Shading Mode"},"sceneLighting":false,"audioPlay":false,"sceneViewState":{"m_AlwaysRefresh":false,"showFog":true,"showSkybox":false,"showFlares":true,"showImageEffects":true,"showParticleSystems":true,"showVisualEffectGraphs":true,"m_FxEnabled":true},"in2DMode":false,"pivot":{"x":0.0011672675609588624,"y":0.147923544049263,"z":-0.0020396336913108827},"rotation":{"x":0.057727184146642688,"y":0.9363973140716553,"z":-0.18495774269104005,"w":0.29249003529548647},"size":0.6041021347045898,"orthographic":false}