{"cameraMode":{"drawMode":0,"name":"Shaded","section":"Shading Mode"},"sceneLighting":false,"audioPlay":false,"sceneViewState":{"m_AlwaysRefresh":false,"showFog":true,"showSkybox":false,"showFlares":true,"showImageEffects":true,"showParticleSystems":true,"showVisualEffectGraphs":true,"m_FxEnabled":true},"in2DMode":false,"pivot":{"x":0.03436979651451111,"y":0.0036795735359191896,"z":-0.0017120838165283204},"rotation":{"x":0.0042442926205694679,"y":-0.9937089681625366,"z":0.040261104702949527,"w":0.10406938940286637},"size":0.4261557161808014,"orthographic":false}