{"cameraMode":{"drawMode":0,"name":"Shaded","section":"Shading Mode"},"sceneLighting":false,"audioPlay":false,"sceneViewState":{"m_AlwaysRefresh":false,"showFog":true,"showSkybox":false,"showFlares":true,"showImageEffects":true,"showParticleSystems":true,"showVisualEffectGraphs":true,"m_FxEnabled":true},"in2DMode":false,"pivot":{"x":-7.450580596923828e-9,"y":0.1622302383184433,"z":5.21540641784668e-8},"rotation":{"x":-0.05736936256289482,"y":-0.9223345518112183,"z":0.15073516964912415,"w":-0.35101741552352908},"size":0.22188253700733186,"orthographic":false}