{"cameraMode":{"drawMode":0,"name":"Shaded","section":"Shading Mode"},"sceneLighting":false,"audioPlay":false,"sceneViewState":{"m_AlwaysRefresh":false,"showFog":true,"showSkybox":false,"showFlares":true,"showImageEffects":true,"showParticleSystems":true,"showVisualEffectGraphs":true,"m_FxEnabled":true},"in2DMode":false,"pivot":{"x":-0.036131322383880618,"y":-0.018579378724098207,"z":0.03769373893737793},"rotation":{"x":0.012819165363907814,"y":-0.9179983139038086,"z":0.3951719105243683,"w":0.02969343774020672},"size":0.9896442890167236,"orthographic":false}