{"cameraMode":{"drawMode":0,"name":"Shaded","section":"Shading Mode"},"sceneLighting":false,"audioPlay":false,"sceneViewState":{"m_AlwaysRefresh":false,"showFog":true,"showSkybox":false,"showFlares":true,"showImageEffects":true,"showParticleSystems":true,"showVisualEffectGraphs":true,"m_FxEnabled":true},"in2DMode":false,"pivot":{"x":0.0070431530475616459,"y":0.21958771347999574,"z":-0.006582915782928467},"rotation":{"x":0.06981879472732544,"y":-0.8592541813850403,"z":0.12195376306772232,"w":0.4917985796928406},"size":0.32372477650642397,"orthographic":false}