{"cameraMode":{"drawMode":0,"name":"Shaded","section":"Shading Mode"},"sceneLighting":false,"audioPlay":false,"sceneViewState":{"m_AlwaysRefresh":false,"showFog":true,"showSkybox":false,"showFlares":true,"showImageEffects":true,"showParticleSystems":true,"showVisualEffectGraphs":true,"m_FxEnabled":true},"in2DMode":false,"pivot":{"x":0.001243889331817627,"y":0.13065354526042939,"z":0.00023727118968963623},"rotation":{"x":-0.05736936256289482,"y":-0.9223345518112183,"z":0.15073516964912415,"w":-0.35101741552352908},"size":0.2772178649902344,"orthographic":false}