{"cameraMode":{"drawMode":0,"name":"Shaded","section":"Shading Mode"},"sceneLighting":false,"audioPlay":false,"sceneViewState":{"m_AlwaysRefresh":false,"showFog":true,"showSkybox":false,"showFlares":true,"showImageEffects":true,"showParticleSystems":true,"showVisualEffectGraphs":true,"m_FxEnabled":true},"in2DMode":false,"pivot":{"x":-0.03344142436981201,"y":0.00811392068862915,"z":-0.0011131614446640015},"rotation":{"x":0.000007874852599343285,"y":-0.9992602467536926,"z":-0.03749328479170799,"w":0.0008498243405483663},"size":0.4235166013240814,"orthographic":false}