{"cameraMode":{"drawMode":0,"name":"Shaded","section":"Shading Mode"},"sceneLighting":false,"audioPlay":false,"sceneViewState":{"m_AlwaysRefresh":false,"showFog":true,"showSkybox":false,"showFlares":true,"showImageEffects":true,"showParticleSystems":true,"showVisualEffectGraphs":true,"m_FxEnabled":true},"in2DMode":false,"pivot":{"x":-18.243337631225587,"y":0.20588603615760804,"z":-4.525710105895996},"rotation":{"x":0.0008986929315142334,"y":0.9321027994155884,"z":-0.3620587885379791,"w":0.0018369711469858885},"size":4.637635231018066,"orthographic":false}