{"cameraMode":{"drawMode":0,"name":"Shaded","section":"Shading Mode"},"sceneLighting":false,"audioPlay":false,"sceneViewState":{"m_AlwaysRefresh":false,"showFog":true,"showSkybox":false,"showFlares":true,"showImageEffects":true,"showParticleSystems":true,"showVisualEffectGraphs":true,"m_FxEnabled":true},"in2DMode":false,"pivot":{"x":0.006481826305389404,"y":0.827267587184906,"z":-0.0004037022590637207},"rotation":{"x":-0.02837153524160385,"y":-0.4328862130641937,"z":-0.013678844086825848,"w":0.9008600115776062},"size":0.9245172739028931,"orthographic":false}