{"cameraMode":{"drawMode":0,"name":"Shaded","section":"Shading Mode"},"sceneLighting":false,"audioPlay":false,"sceneViewState":{"m_AlwaysRefresh":false,"showFog":true,"showSkybox":false,"showFlares":true,"showImageEffects":true,"showParticleSystems":true,"showVisualEffectGraphs":true,"m_FxEnabled":true},"in2DMode":false,"pivot":{"x":-0.03559112548828125,"y":0.3303472697734833,"z":0.06282785534858704},"rotation":{"x":0.12117794901132584,"y":-0.8056650161743164,"z":0.17676663398742677,"w":0.5521824955940247},"size":0.7934488654136658,"orthographic":false}