{"cameraMode":{"drawMode":0,"name":"Shaded","section":"Shading Mode"},"sceneLighting":false,"audioPlay":false,"sceneViewState":{"m_AlwaysRefresh":false,"showFog":true,"showSkybox":false,"showFlares":true,"showImageEffects":true,"showParticleSystems":true,"showVisualEffectGraphs":true,"m_FxEnabled":true},"in2DMode":false,"pivot":{"x":0.007433295249938965,"y":-0.01488078385591507,"z":-0.044001221656799319},"rotation":{"x":-0.0002055549994111061,"y":-0.9988701343536377,"z":0.04647792875766754,"w":-0.005146597512066364},"size":1.2896192073822022,"orthographic":false}