{"cameraMode":{"drawMode":0,"name":"Shaded","section":"Shading Mode"},"sceneLighting":false,"audioPlay":false,"sceneViewState":{"m_AlwaysRefresh":false,"showFog":true,"showSkybox":false,"showFlares":true,"showImageEffects":true,"showParticleSystems":true,"showVisualEffectGraphs":true,"m_FxEnabled":true},"in2DMode":false,"pivot":{"x":-1.4901161193847657e-8,"y":0.019825691357254983,"z":-0.007732480764389038},"rotation":{"x":0.1475367397069931,"y":0.7641738653182983,"z":-0.18821385502815247,"w":0.5989767909049988},"size":0.10811341553926468,"orthographic":false}