{"cameraMode":{"drawMode":0,"name":"Shaded","section":"Shading Mode"},"sceneLighting":false,"audioPlay":false,"sceneViewState":{"m_AlwaysRefresh":false,"showFog":true,"showSkybox":false,"showFlares":true,"showImageEffects":true,"showParticleSystems":true,"showVisualEffectGraphs":true,"m_FxEnabled":true},"in2DMode":false,"pivot":{"x":-0.002810239791870117,"y":0.5240986943244934,"z":0.0041419267654418949},"rotation":{"x":-0.05736936256289482,"y":-0.9223345518112183,"z":0.15073516964912415,"w":-0.35101741552352908},"size":1.2280889749526978,"orthographic":false}