{"cameraMode":{"drawMode":0,"name":"Shaded","section":"Shading Mode"},"sceneLighting":false,"audioPlay":false,"sceneViewState":{"m_AlwaysRefresh":false,"showFog":true,"showSkybox":false,"showFlares":true,"showImageEffects":true,"showParticleSystems":true,"showVisualEffectGraphs":true,"m_FxEnabled":true},"in2DMode":false,"pivot":{"x":-0.052640706300735477,"y":0.259684294462204,"z":-0.00003905594348907471},"rotation":{"x":0.06981879472732544,"y":-0.8592541813850403,"z":0.12195376306772232,"w":0.4917985796928406},"size":0.4073673188686371,"orthographic":false}