{"cameraMode":{"drawMode":0,"name":"Shaded","section":"Shading Mode"},"sceneLighting":false,"audioPlay":false,"sceneViewState":{"m_AlwaysRefresh":false,"showFog":true,"showSkybox":false,"showFlares":true,"showImageEffects":true,"showParticleSystems":true,"showVisualEffectGraphs":true,"m_FxEnabled":true},"in2DMode":false,"pivot":{"x":0.005965635180473328,"y":-0.00506354495882988,"z":0.008575439453125},"rotation":{"x":-0.2118944227695465,"y":-0.6627363562583923,"z":0.20391294360160829,"w":-0.6886507868766785},"size":0.10656967759132385,"orthographic":false}