{"cameraMode":{"drawMode":0,"name":"Shaded","section":"Shading Mode"},"sceneLighting":false,"audioPlay":false,"sceneViewState":{"m_AlwaysRefresh":false,"showFog":true,"showSkybox":false,"showFlares":true,"showImageEffects":true,"showParticleSystems":true,"showVisualEffectGraphs":true,"m_FxEnabled":true},"in2DMode":false,"pivot":{"x":-0.07590639591217041,"y":-0.031247615814208986,"z":-0.021741509437561036},"rotation":{"x":-0.02837153524160385,"y":-0.4328862130641937,"z":-0.013678844086825848,"w":0.9008600115776062},"size":1.2015122175216675,"orthographic":false}