{"cameraMode":{"drawMode":0,"name":"Shaded","section":"Shading Mode"},"sceneLighting":false,"audioPlay":false,"sceneViewState":{"m_AlwaysRefresh":false,"showFog":true,"showSkybox":false,"showFlares":true,"showImageEffects":true,"showParticleSystems":true,"showVisualEffectGraphs":true,"m_FxEnabled":true},"in2DMode":false,"pivot":{"x":-0.007646620273590088,"y":0.05838596820831299,"z":0.007040537893772125},"rotation":{"x":-0.22785931825637818,"y":-0.7013109922409058,"z":0.2555924952030182,"w":-0.6251829862594605},"size":0.11401402205228806,"orthographic":false}