{"cameraMode":{"drawMode":0,"name":"Shaded","section":"Shading Mode"},"sceneLighting":false,"audioPlay":false,"sceneViewState":{"m_AlwaysRefresh":false,"showFog":true,"showSkybox":false,"showFlares":true,"showImageEffects":true,"showParticleSystems":true,"showVisualEffectGraphs":true,"m_FxEnabled":true},"in2DMode":false,"pivot":{"x":-242.97218322753907,"y":25.461509704589845,"z":-355.7388000488281},"rotation":{"x":-0.005287911277264357,"y":-0.9849691390991211,"z":0.030436133965849878,"w":-0.1697903573513031},"size":60.103477478027347,"orthographic":false}