{"cameraMode":{"drawMode":0,"name":"Shaded","section":"Shading Mode"},"sceneLighting":false,"audioPlay":false,"sceneViewState":{"m_AlwaysRefresh":false,"showFog":true,"showSkybox":false,"showFlares":true,"showImageEffects":true,"showParticleSystems":true,"showVisualEffectGraphs":true,"m_FxEnabled":true},"in2DMode":false,"pivot":{"x":2.9802322387695315e-8,"y":0.1850842386484146,"z":2.9802322387695315e-8},"rotation":{"x":0.06981879472732544,"y":-0.8592541813850403,"z":0.12195376306772232,"w":0.4917985796928406},"size":0.2712291479110718,"orthographic":false}