{"cameraMode":{"drawMode":0,"name":"Shaded","section":"Shading Mode"},"sceneLighting":false,"audioPlay":false,"sceneViewState":{"m_AlwaysRefresh":false,"showFog":true,"showSkybox":false,"showFlares":true,"showImageEffects":true,"showParticleSystems":true,"showVisualEffectGraphs":true,"m_FxEnabled":true},"in2DMode":false,"pivot":{"x":-19.720272064208986,"y":-4.674522399902344,"z":-36.931636810302737},"rotation":{"x":-0.0002055549994111061,"y":-0.9988701343536377,"z":0.04647792875766754,"w":-0.005146597512066364},"size":6.515331268310547,"orthographic":false}