{"cameraMode":{"drawMode":0,"name":"Shaded","section":"Shading Mode"},"sceneLighting":false,"audioPlay":false,"sceneViewState":{"m_AlwaysRefresh":false,"showFog":true,"showSkybox":false,"showFlares":true,"showImageEffects":true,"showParticleSystems":true,"showVisualEffectGraphs":true,"m_FxEnabled":true},"in2DMode":false,"pivot":{"x":-0.0630219429731369,"y":0.013968594372272492,"z":0.5953918695449829},"rotation":{"x":-0.10290517657995224,"y":-0.7919710278511047,"z":0.13920900225639344,"w":-0.5854518413543701},"size":0.6348263621330261,"orthographic":false}